Collectionq,Location,Box,Folder,Series,Subseries,Description
Pryce,01-7-36-08-06-0-1,37.0,1.0,Schedules,Daily Report,January - June 1993.
Pryce,01-7-36-08-06-0-1,37.0,2.0,Schedules,Daily Report,July - December 1993.
Pryce,01-7-36-08-06-0-1,37.0,3.0,Schedules,Daily Report,January - June 1994.
Pryce,01-7-36-08-06-0-1,37.0,4.0,Schedules,Daily Report,July - December 1994.
Pryce,01-7-36-08-06-0-1,37.0,5.0,Schedules,Daily Report,January - June 1995.
Pryce,01-7-36-08-06-0-1,37.0,6.0,Schedules,Daily Report,July - December 1995.
Pryce,01-7-36-08-06-0-1,37.0,7.0,Schedules,Daily Report,January - June 1996.
Pryce,01-7-36-08-06-0-1,37.0,8.0,Schedules,Daily Report,July - December 1996.
Pryce,01-7-36-08-06-0-1,37.0,9.0,Schedules,Daily Report,January - June 1997.
Pryce,01-7-36-08-06-0-1,37.0,10.0,Schedules,Daily Report,July - December 1997.
Pryce,01-7-36-08-06-0-1,37.0,11.0,Schedules,Daily Report,January - June 1998.
Pryce,01-7-36-08-06-0-1,37.0,12.0,Schedules,Daily Report,July - December 1998.
Pryce,01-7-36-08-06-0-1,37.0,13.0,Schedules,Daily Report,January - June 1999.
Pryce,01-7-36-08-06-0-1,37.0,14.0,Schedules,Daily Report,July - December 1999.
Pryce,01-7-36-08-06-0-1,37.0,15.0,Schedules,Daily Report,January - June 2000.
Pryce,01-7-36-08-06-0-1,37.0,16.0,Schedules,Daily Report,July - December 2000.
Pryce,01-7-36-08-06-0-1,37.0,17.0,Schedules,Daily Report,January - June 2001.
Pryce,01-7-36-08-06-0-1,37.0,18.0,Schedules,Daily Report,July - December 2001.
Pryce,01-7-36-08-06-0-1,37.0,19.0,Schedules,Daily Report,January - June 2002.
Pryce,01-7-36-08-06-0-1,37.0,20.0,Schedules,Daily Report,July - December 2002.
Pryce,01-7-36-08-06-0-1,37.0,21.0,Schedules,Daily Report,2003.
Pryce,01-7-36-08-06-0-1,37.0,22.0,Schedules,Daily Report,2004.
Pryce,01-7-36-08-06-0-1,37.0,23.0,Schedules,Daily Report,2005.
Pryce,01-7-36-08-06-0-1,37.0,24.0,Schedules,Daily Report,2006.
Pryce,01-7-36-08-06-0-1,37.0,25.0,Schedules,Daily Report,2007.
Pryce,01-7-36-08-06-0-1,37.0,26.0,Schedules,Daily Report,2008.
Pryce,01-7-36-08-06-0-1,37.0,27.0,Schedules,Events,"General File, 1993."
Pryce,01-7-36-08-06-0-1,37.0,28.0,Schedules,Events,"Rickenbacker Airport tour, February 4, 1993."
Pryce,01-7-36-08-06-0-1,37.0,29.0,Schedules,Events,"Congressional Institute, Inc., Princeton Conference, February 25-27, 1993."
Pryce,01-7-36-08-06-0-1,37.0,30.0,Schedules,Events,"Columbus Apartment Association meeting, April 19, 1993."
Pryce,01-7-36-08-06-0-1,37.0,31.0,Schedules,Events,"Ohio State University Hospital tour, September 16, 1993."
Pryce,01-7-36-08-06-0-1,37.0,32.0,Schedules,Events,"Goodale Park Playground dedication, November 6, 1993."
Pryce,01-7-36-08-06-0-1,37.0,33.0,Schedules,Events,"General File, January - June 1994."
Pryce,01-7-36-08-06-0-1,37.0,34.0,Schedules,Events,"General File, August - December 1994."
Pryce,01-7-36-08-06-0-1,37.0,35.0,Schedules,Events,"Mid-Ohio Regional Planning Commission meeting, January 14, 1994."
Pryce,01-7-36-08-06-0-1,37.0,36.0,Schedules,Events,"London Area Chamber of Commerce lunch, January 18, 1994."
Pryce,01-7-36-08-06-0-1,37.0,37.0,Schedules,Events,"White House Crime Leadership briefing, March 29, 1994."
Pryce,01-7-36-08-06-0-1,37.0,38.0,Schedules,Events,"Republican National Policy Forum, April 5, 1994."
Pryce,01-7-36-08-06-0-1,37.0,39.0,Schedules,Events,"Women's Network luncheon, September 14, 1994."
Pryce,01-7-36-08-06-0-1,37.0,40.0,Schedules,Events,"Ohio Air National Guard meeting, October 3, 1994."
Pryce,01-7-36-08-06-0-1,37.0,41.0,Schedules,Events,"World Symposium on Trade Efficiency, Columbus, Ohio, October 17-21, 1994."
Pryce,01-7-36-08-06-0-1,37.0,42.0,Schedules,Events,"Rickenbacker Business Development Summit, October 19, 1994."
Pryce,01-7-36-08-06-0-1,37.0,43.0,Schedules,Events,"Guardian of Seniors' Rights Award presented to Deborah Pryce, October 20, 1994."
Pryce,01-7-36-08-06-0-1,37.0,44.0,Schedules,Events,"House Republican Conference meeting, December 14, 1994."
Pryce,01-7-36-08-07-0-1,38.0,1.0,Schedules,Events,"General File, January - May 1995."
Pryce,01-7-36-08-07-0-1,38.0,2.0,Schedules,Events,"General File, June - December 1995."
Pryce,01-7-36-08-07-0-1,38.0,3.0,Schedules,Events,"Town Meetings, January 22, 1995."
Pryce,01-7-36-08-07-0-1,38.0,4.0,Schedules,Events,"Women's Network meeting, January 24, 1995."
Pryce,01-7-36-08-07-0-1,38.0,5.0,Schedules,Events,"Washington Press dinner, January 25, 1995."
Pryce,01-7-36-08-07-0-1,38.0,6.0,Schedules,Events,"Mayor Greg Lashutka visit, March 9-14, 1995."
Pryce,01-7-36-08-07-0-1,38.0,7.0,Schedules,Events,"YWCA Women of Achievement Awards, Deborah Pryce induction, March 29, 1995."
Pryce,01-7-36-08-07-0-1,38.0,8.0,Schedules,Events,"Honda of North America meeting, April 10, 1995."
Pryce,01-7-36-08-07-0-1,38.0,9.0,Schedules,Events,"""Newsmakers"" interview, April 27, 1995."
Pryce,01-7-36-08-07-0-1,38.0,10.0,Schedules,Events,"White House Conference on Aging, May 2-5, 1995."
Pryce,01-7-36-08-07-0-1,38.0,11.0,Schedules,Events,"Congress of Tomorrow Conference, May 3-5, 1995."
Pryce,01-7-36-08-07-0-1,38.0,12.0,Schedules,Events,"Women's Network meeting, May 8, 1995."
Pryce,01-7-36-08-07-0-1,38.0,13.0,Schedules,Events,"St. Aloysius Family Service Center visit, June 1, 1995."
Pryce,01-7-36-08-07-0-1,38.0,14.0,Schedules,Events,"White House Conference on Small Business, correspondence and related materials, June 11-15, 1995."
Pryce,01-7-36-08-07-0-1,38.0,15.0,Schedules,Events,"White House Conference on Small Business, reports and recommendations, June 11-15, 1995."
Pryce,01-7-36-08-07-0-1,38.0,16.0,Schedules,Events,"C-SPAN School Bus visit, August 11, 1995."
Pryce,01-7-36-08-07-0-1,38.0,17.0,Schedules,Events,"White House Conference on Travel and Tourism, October 30-31, 1995."
Pryce,01-7-36-08-07-0-1,38.0,18.0,Schedules,Events,"General File, 1996."
Pryce,01-7-36-08-07-0-1,38.0,19.0,Schedules,Events,"Town Hall meetings, January 22, 1996."
Pryce,01-7-36-08-07-0-1,38.0,20.0,Schedules,Events,"President's Day Celebration with Newt Gingrich, February 19, 1996."
Pryce,01-7-36-08-07-0-1,38.0,21.0,Schedules,Events,"Olympic Torch Relay, Grove City, Ohio, June 7, 1996."
Pryce,01-7-36-08-07-0-1,38.0,22.0,Schedules,Events,"Seventy-sixth Anniversary of Women's Right to Vote, August 26, 1996."
Pryce,01-7-36-08-07-0-1,38.0,23.0,Schedules,Events,"Franklin County Veterans Forum, August 27, 1996."
Pryce,01-7-36-08-07-0-1,38.0,24.0,Schedules,Events,"General File, 1997."
Pryce,01-7-36-08-07-0-1,38.0,25.0,Schedules,Events,"Presidential Inauguration, January 20, 1997."
Pryce,01-7-36-08-07-0-1,38.0,26.0,Schedules,Events,"Operation Feed Food Parade, April 26, 1997."
Pryce,01-7-36-08-07-0-1,38.0,27.0,Schedules,Events,"Lighthouse Project meeting, August 11, 1997."
Pryce,01-7-36-08-07-0-1,38.0,28.0,Schedules,Events,"Industry and Technology Council meeting, August 11, 1997."
Pryce,01-7-36-08-07-0-1,38.0,29.0,Schedules,Events,"Ohio Citizens Against Lawsuit Abuse meeting, November 17, 1997."
Pryce,01-7-36-08-07-0-1,38.0,30.0,Schedules,Events,"General File, 1998."
Pryce,01-7-36-08-07-0-1,38.0,31.0,Schedules,Events,"Federal Graduate Medical Education Fund for Children's Hospitals meeting, February 17, 1998."
Pryce,01-7-36-08-07-0-1,38.0,32.0,Schedules,Events,"Ohio Hunger Tour, March 2-3, 1998."
Pryce,01-7-36-08-07-0-1,38.0,33.0,Schedules,Events,"Veterans Town Hall meeting, August 29, 1998."
Pryce,01-7-36-08-07-0-1,38.0,34.0,Schedules,Events,"Veterans Administration Clinic visit, September 3, 1998."
Pryce,01-7-36-08-07-0-1,38.0,35.0,Schedules,Events,"General File, 1999."
Pryce,01-7-36-08-07-0-1,38.0,36.0,Schedules,Events,"Grandview Heights Flood Plain Remediation, March 1999."
Pryce,01-7-36-08-07-0-1,38.0,37.0,Schedules,Events,"Child Abuse Prevention Month Press Conference, April 28, 1999."
Pryce,01-7-36-08-07-0-1,38.0,38.0,Schedules,Events,"House Speaker Dennis Hastert visit to Columbus, June 12, 1999."
Pryce,01-7-36-08-07-0-1,38.0,39.0,Schedules,Events,"General File, 2000."
Pryce,01-7-36-08-07-0-1,38.0,40.0,Schedules,Events,"Capital University Adoption Law Center visit, April 26, 2000."
Pryce,01-7-36-08-07-0-1,38.0,41.0,Schedules,Events,"Seniors Healing at Home Act, media conference on, August 4, 2000."
Pryce,01-7-36-08-07-0-1,38.0,42.0,Schedules,Events,"Women for Bush, September 29, 2000."
Pryce,01-7-36-08-07-0-1,38.0,43.0,Schedules,Events,"Birthplace of Veterans of Foreign Wars Historical Marker dedication, September 29, 2000."
Pryce,01-7-36-08-07-0-1,38.0,44.0,Schedules,Events,"General File, January - June 2001."
Pryce,01-7-36-08-07-0-1,38.0,45.0,Schedules,Events,"General File, July - December 2001."
Pryce,01-7-36-08-07-0-1,38.0,46.0,Schedules,Events,"Hilltop Historical Society, reunion of 1913 flood survivors, March 23, 2001."
Pryce,01-7-36-08-07-0-1,38.0,47.0,Schedules,Events,"Holy Family Soup Kitchen visit, March 26, 2001."
Pryce,01-7-36-08-07-0-1,38.0,48.0,Schedules,Events,"Buckeye Ranch Film Festival, March 28, 2001."
Pryce,01-7-36-08-07-0-1,38.0,49.0,Schedules,Events,"Campus Partners Neighborhood Revitalization, May and November 2001."
Pryce,01-7-36-08-07-0-1,38.0,50.0,Schedules,Events,"Log Cabin Republicans, Columbus, May 11, 2001."
Pryce,01-7-36-08-07-0-1,38.0,51.0,Schedules,Events,"Wellington School Commencement, June 8, 2001."
Pryce,01-7-36-08-07-0-1,38.0,52.0,Schedules,Events,"West Edge Business Center groundbreaking, June 12, 2001."
Pryce,01-7-36-08-07-0-1,38.0,53.0,Schedules,Events,"Hope Street Kids, July 16, 2001."
Pryce,01-7-36-08-07-0-1,38.0,54.0,Schedules,Events,"CSX meeting on use of railroad tracks in Clintonville, July 16, 2001."
Pryce,01-7-36-08-07-0-1,38.0,55.0,Schedules,Events,"Port Columbus International Airport Control Tower groundbreaking, July 16, 2001."
Pryce,01-7-36-08-07-0-1,38.0,56.0,Schedules,Events,"Hate Crimes Prevention Act rally, August 6, 2001."
Pryce,01-7-36-08-07-0-1,38.0,57.0,Schedules,Events,"Pancreatic Cancer Action Network meeting, August 22, 2001."
Pryce,01-7-36-08-07-0-1,38.0,58.0,Schedules,Events,"Battelle visit, August 22, 2001."
Pryce,01-7-36-08-08-0-1,39.0,1.0,Schedules,Events,"First Ladies Library visit, August 27, 2001."
Pryce,01-7-36-08-08-0-1,39.0,2.0,Schedules,Events,"Easton Phase II ribbon-cutting, September 10, 2001."
Pryce,01-7-36-08-08-0-1,39.0,3.0,Schedules,Events,"Women Presidents' Organization luncheon, October 22, 2001."
Pryce,01-7-36-08-08-0-1,39.0,4.0,Schedules,Events,"Greater Columbus Chamber of Commerce Government Affairs Roundtable, December 10, 2001."
Pryce,01-7-36-08-08-0-1,39.0,5.0,Schedules,Events,"General File, January - June 2002."
Pryce,01-7-36-08-08-0-1,39.0,6.0,Schedules,Events,"General File, July - December 2002."
Pryce,01-7-36-08-08-0-1,39.0,7.0,Schedules,Events,"Jubilee of Liberty Medal ceremony, January 22, 2002."
Pryce,01-7-36-08-08-0-1,39.0,8.0,Schedules,Events,"SNP Newspapers interview on economic security, February 20, 2002."
Pryce,01-7-36-08-08-0-1,39.0,9.0,Schedules,Events,"Huntington Bancshares, Inc. meeting, February 25, 2002."
Pryce,01-7-36-08-08-0-1,39.0,10.0,Schedules,Events,"Ohio State University James Cancer Center meeting, April 3, 2002."
Pryce,01-7-36-08-08-0-1,39.0,11.0,Schedules,Events,"Marysville High School visit, April 12, 2002."
Pryce,01-7-36-08-08-0-1,39.0,12.0,Schedules,Events,"Union County GOP lunch, April 12, 2002."
Pryce,01-7-36-08-08-0-1,39.0,13.0,Schedules,Events,"Grandview and Upper Arlington Chambers of Commerce meeting, April 19, 2002."
Pryce,01-7-36-08-08-0-1,39.0,14.0,Schedules,Events,"Rotary Club of Columbus, April 22, 2002."
Pryce,01-7-36-08-08-0-1,39.0,15.0,Schedules,Events,"American Red Cross meeting, August 24, 2002."
Pryce,01-7-36-08-08-0-1,39.0,16.0,Schedules,Events,"Wendy's speech, April 26, 2002."
Pryce,01-7-36-08-08-0-1,39.0,17.0,Schedules,Events,"Ohio Grantmakers Forum, May 6, 2002."
Pryce,01-7-36-08-08-0-1,39.0,18.0,Schedules,Events,"American Society of Clinical Oncology Annual Meeting, award presented to Deborah Pryce, May 17, 2002."
Pryce,01-7-36-08-08-0-1,39.0,19.0,Schedules,Events,"National Dialogue on Cancer meeting, May 31, 2002."
Pryce,01-7-36-08-08-0-1,39.0,20.0,Schedules,Events,"Caroline Pryce Walker Memorial, August 17, 2002."
Pryce,01-7-36-08-08-0-1,39.0,21.0,Schedules,Events,"National Association of Manufacturers meeting, August 22, 2002."
Pryce,01-7-36-08-08-0-1,39.0,22.0,Schedules,Events,"Legal Services Corporation Technology Grant news conference, August 28, 2002."
Pryce,01-7-36-08-08-0-1,39.0,23.0,Schedules,Events,"Columbus Dispatch Editorial Board meeting, September 9, 2002."
Pryce,01-7-36-08-08-0-1,39.0,24.0,Schedules,Events,"Ross Laboratories visit, September 30, 2002."
Pryce,01-7-36-08-08-0-1,39.0,25.0,Schedules,Events,"Ohio School for the Deaf visit, October 17, 2002."
Pryce,01-7-36-08-08-0-1,39.0,26.0,Schedules,Events,"Bronze Star presentation to Lt. Col. Mark C. Arnold, November 11, 2002."
Pryce,01-7-36-08-08-0-1,39.0,27.0,Schedules,Events,"General File, January - June 2002."
Pryce,01-7-36-08-08-0-1,39.0,28.0,Schedules,Events,"General File, July - December 2002."
Pryce,01-7-36-08-08-0-1,39.0,29.0,Schedules,Events,"National Association of Manufacturers meeting, January 14, 2003."
Pryce,01-7-36-08-08-0-1,39.0,30.0,Schedules,Events,"437th Personnel Service Detachment Mobilization ceremony, February 23, 2003."
Pryce,01-7-36-08-08-0-1,39.0,31.0,Schedules,Events,"Ohio Chemistry Technology Council Conference, March 3, 2002."
Pryce,01-7-36-08-08-0-1,39.0,32.0,Schedules,Events,"Columbus Police Department meeting, April 11, 2003."
Pryce,01-7-36-08-08-0-1,39.0,33.0,Schedules,Events,"Columbus Partnership dinner, April 15, 2003."
Pryce,01-7-36-08-08-0-1,39.0,34.0,Schedules,Events,"African American Outreach Roundtable and Leadership Summit, May 12-14, 2003."
Pryce,01-7-36-08-08-0-1,39.0,35.0,Schedules,Events,"Columbus Children's Hospital, award presented to Deborah Pryce, June 24, 2003."
Pryce,01-7-36-08-08-0-1,39.0,36.0,Schedules,Events,"Ohio Partners for Cancer Control meeting, August 7, 2003."
Pryce,01-7-36-08-08-0-1,39.0,37.0,Schedules,Events,"Ohio National Federation of Independent Business meeting, August 8, 2003."
Pryce,01-7-36-08-08-0-1,39.0,38.0,Schedules,Events,"Union County tour, August 14-15, 2003."
Pryce,01-7-36-08-08-0-1,39.0,39.0,Schedules,Events,"Department of Veterans Affairs, CARES Commission hearing, August 19, 2003."
Pryce,01-7-36-08-08-0-1,39.0,40.0,Schedules,Events,"LSP Technologies, Inc. visit, September 22, 2003."
Pryce,01-7-36-08-08-0-1,39.0,41.0,Schedules,Events,"Iraqi Minister of Public Works meeting, September 24, 2003."
Pryce,01-7-36-08-08-0-1,39.0,42.0,Schedules,Events,"Hispanic Outreach meeting, September 25, 2003."
Pryce,01-7-36-08-08-0-1,39.0,43.0,Schedules,Events,"City Club of Cleveland speech, September 26, 2003."
Pryce,01-7-36-08-08-0-1,39.0,44.0,Schedules,Events,"General File, January - June 2004."
Pryce,01-7-36-08-08-0-1,39.0,45.0,Schedules,Events,"General File, July - December 2004."
Pryce,01-7-36-08-08-0-1,39.0,46.0,Schedules,Events,"Union County Lincoln Day Dinner, February 7, 2004."
Pryce,01-7-36-08-08-0-1,39.0,47.0,Schedules,Events,"Unsung Heroine Award, March 15, 2004."
Pryce,01-7-36-08-08-0-1,39.0,48.0,Schedules,Events,"Columbus Medicare Workshops (prescription drug plan), March 22, 2004."
Pryce,01-7-36-08-08-0-1,39.0,49.0,Schedules,Events,"Women's Policy, Inc., 2004 Congressional Dinner, March 30, 2004."
Pryce,01-7-36-08-08-0-1,39.0,50.0,Schedules,Events,"Women for (Matt) Blunt, April 13, 2004."
Pryce,01-7-36-08-08-0-1,39.0,51.0,Schedules,Events,"Monday Meeting, New York City, April 26, 2004."
Pryce,01-7-36-08-08-0-1,39.0,52.0,Schedules,Events,"Columbus Regional Airport Tower dedication, May 3, 2004."
Pryce,01-7-36-08-08-0-1,39.0,53.0,Schedules,Events,"Broadstreet Presbyterian Church meeting, May 3, 2004."
Pryce,01-7-36-08-08-0-1,39.0,54.0,Schedules,Events,"Neighborhood Revitalization and Groundbreaking, Columbus, June 4, 2004."
Pryce,01-7-36-08-08-0-1,39.0,55.0,Schedules,Events,"Community Properties Kick-off, June 14, 2004."
Pryce,01-7-36-08-08-0-1,39.0,56.0,Schedules,Events,"Medicare Prescription Drug Discount Card forum, June 14, 2004."
Pryce,01-7-36-08-08-0-1,39.0,57.0,Schedules,Events,"America's Promise Award, presented to Deborah Pryce, June 16, 2004."
Pryce,01-7-36-08-08-0-1,39.0,58.0,Schedules,Events,"Dave Thomas Foundation for Adoption meeting, July 26, 2004."
Pryce,01-7-36-08-08-0-1,39.0,59.0,Schedules,Events,"Columbus Metropolitan Club forum, August 18, 2004."
Pryce,01-7-36-08-08-0-1,39.0,60.0,Schedules,Events,"Columbus Children's Hospital visit, September 27, 2004."
Pryce,01-7-36-08-08-0-1,39.0,61.0,Schedules,Events,"Northwood University Distinguished Women's Award, presented to Deborah Pryce, November 4, 2005."
Pryce,01-7-36-08-08-0-1,39.0,62.0,Schedules,Events,"General File, January - June 2005."
Pryce,01-7-36-08-08-0-1,39.0,63.0,Schedules,Events,"General File, July - December 2005."
Pryce,01-7-36-08-08-0-1,39.0,64.0,Schedules,Events,"Rickenbacker Air National Guard Base meeting, January 28, 2005."
Pryce,01-7-36-08-08-0-1,39.0,65.0,Schedules,Events,"Greater Columbus Habitat for Humanity home dedication, March 13, 2005."
Pryce,01-7-36-09-01-0-1,40.0,1.0,Schedules,Events,"Services for Ending Long-term Homelessness Act, press conference, April 4, 2005."
Pryce,01-7-36-09-01-0-1,40.0,2.0,Schedules,Events,"Central Ohio Banker League speech, April 8, 2005."
Pryce,01-7-36-09-01-0-1,40.0,3.0,Schedules,Events,"Rickenbacker Intermodal Facility groundbreaking, July 25, 2005."
Pryce,01-7-36-09-01-0-1,40.0,4.0,Schedules,Events,"Union County Chamber of Commerce speech, August 16, 2005."
Pryce,01-7-36-09-01-0-1,40.0,5.0,Schedules,Events,"Union County Memorial Hospital tour, August 16, 2005."
Pryce,01-7-36-09-01-0-1,40.0,6.0,Schedules,Events,"Madison County Chamber of Commerce speech, August 17, 2005."
Pryce,01-7-36-09-01-0-1,40.0,7.0,Schedules,Events,"Chalmers P. Wylie Veterans Administration Clinic groundbreaking, September 15, 2005."
Pryce,01-7-36-09-01-0-1,40.0,8.0,Schedules,Events,"Hastings Middle School, Freedom Week speech, December 12, 2005."
Pryce,01-7-36-09-01-0-1,40.0,9.0,Schedules,Events,"Ohio State University James Cancer Hospital meeting, December 12, 2005."
Pryce,01-7-36-09-01-0-1,40.0,10.0,Schedules,Events,"General File, January - June 2006."
Pryce,01-7-36-09-01-0-1,40.0,11.0,Schedules,Events,"General File, July - December 2006."
Pryce,01-7-36-09-01-0-1,40.0,12.0,Schedules,Events,"Medicare Workshops (prescription drug plan), January and April 2006."
Pryce,01-7-36-09-01-0-1,40.0,13.0,Schedules,Events,"Medicare Part D Implementation conference call, January 25, 2006."
Pryce,01-7-36-09-01-0-1,40.0,14.0,Schedules,Events,"Conquer Childhood Cancer Act press conference, March 15, 2006."
Pryce,01-7-36-09-01-0-1,40.0,15.0,Schedules,Events,"Identity Theft Workshops, March - June 2006."
Pryce,01-7-36-09-01-0-1,40.0,16.0,Schedules,Events,"Medicare Prescription Drug Benefit Workshop, April 18, 2006."
Pryce,01-7-36-09-01-0-1,40.0,17.0,Schedules,Events,"National Retail Federation meeting, April 21, 2006."
Pryce,01-7-36-09-01-0-1,40.0,18.0,Schedules,Events,"Buckeye Ranch visit, August 17, 2006."
Pryce,01-7-36-09-01-0-1,40.0,19.0,Schedules,Events,"Franklin County Task Force on Aging speech, August 28, 2006."
Pryce,01-7-36-09-01-0-1,40.0,20.0,Schedules,Events,"Worthington Chamber of Commerce speech, August 29, 2006."
Pryce,01-7-36-09-01-0-1,40.0,21.0,Schedules,Events,"Ohio Action for Healthy Kids speech, August 30, 2006."
Pryce,01-7-36-09-01-0-1,40.0,22.0,Schedules,Events,"Mount Carmel Hospital meeting, August 30, 2006."
Pryce,01-7-36-09-01-0-1,40.0,23.0,Schedules,Events,"Upper Arlington High School speech, October 4, 2006."
Pryce,01-7-36-09-01-0-1,40.0,24.0,Schedules,Events,"General File, 2007."
Pryce,01-7-36-09-01-0-1,40.0,25.0,Schedules,Events,"Columbus Children's Hospital visit, February 22, 2007."
Pryce,01-7-36-09-01-0-1,40.0,26.0,Schedules,Events,"Ohio Health meeting, February 22, 2007."
Pryce,01-7-36-09-01-0-1,40.0,27.0,Schedules,Events,"National Teach Children to Save Day, April 5, 2007."
Pryce,01-7-36-09-01-0-1,40.0,28.0,Schedules,Events,"Komen Columbus Public Service Award, May 19, 2007."
Pryce,01-7-36-09-01-0-1,40.0,29.0,Schedules,Events,"Ohio State University Medical Center Translational Cancer Research Forum, October 1, 2007."
Pryce,01-7-36-09-01-0-1,40.0,30.0,Schedules,Events,"General File, January - June 2008."
Pryce,01-7-36-09-01-0-1,40.0,31.0,Schedules,Events,"General File, July - December 2008."
Pryce,01-7-36-09-01-0-1,40.0,32.0,Schedules,Events,"Grandview Yard development meeting, February 5, 2008."
Pryce,01-7-36-09-01-0-1,40.0,33.0,Schedules,Events,"Catholic Diocese of Columbus meeting, February 25, 2008."
Pryce,01-7-36-09-01-0-1,40.0,34.0,Schedules,Events,"Rickenbacker Intermodal Facility opening, March 7, 2008."
Pryce,01-7-36-09-01-0-1,40.0,35.0,Schedules,Events,"Scioto Mile Park, Columbus, groundbreaking, April 14, 2008."
Pryce,01-7-36-09-01-0-1,40.0,36.0,Schedules,Events,"American Families press conference, May 14, 2008."
Pryce,01-7-36-09-01-0-1,40.0,37.0,Schedules,Events,"Court Appointed Special Advocates Association's President's Award, June 9, 2008."
Pryce,01-7-36-09-01-0-1,40.0,38.0,Schedules,Events,"Swinging for Caroline, June 9, 2008."
Pryce,01-7-36-09-01-0-1,40.0,39.0,Schedules,Events,"National Childhood Cancer Foundation, reception for Deborah Pryce, June 23, 2008."
Pryce,01-7-36-09-01-0-1,40.0,40.0,Schedules,Events,"Alzheimer Association Memory Walk, June 28, 2008."
Pryce,01-7-36-09-01-0-1,40.0,41.0,Schedules,Events,"Women in the Senate and House (WISH) reception honoring Deborah Pryce, July 23, 2008."
Pryce,01-7-36-09-01-0-1,40.0,42.0,Schedules,Events,"Easter Seals Center dedication, September 4, 2008."
Pryce,01-7-36-09-01-0-1,40.0,43.0,Schedules,Events,"Columbus Children's Hospital groundbreaking, September 22, 2008."
Pryce,01-7-36-09-01-0-1,40.0,44.0,Schedules,Events,"Defense Distribution Center Inactivation ceremony, September 26, 2008."
Pryce,01-7-36-09-01-0-1,40.0,45.0,Schedules,Events,"Chalmers P. Wylie Veterans Administration Center dedication, October 30, 2008."
Pryce,01-7-36-09-01-0-1,40.0,46.0,Schedules,Events,"American Cancer Society event in honor of Deborah Pryce, November 10, 2008."
Pryce,01-7-36-09-01-0-1,40.0,47.0,Schedules,Events,"Columbus Children's Hospital event in honor of Deborah Pryce, December 12, 2008."
Pryce,01-7-36-09-01-0-1,40.0,48.0,Schedules,Events,"McCain Presidential Campaign, 2008."
Pryce,01-7-36-09-01-0-1,40.0,49.0,Schedules,Events,"Special Events - Address to a Joint Session of Congress by President George W. Bush, February 27, 2001."
Pryce,01-7-36-09-01-0-1,40.0,50.0,Schedules,Events,"Special Events - Address to a Joint Session of Congress by President George W. Bush, September 20, 2001."
Pryce,01-7-36-09-01-0-1,40.0,51.0,Schedules,Events,"Special Events - Adoption Awareness Commemorative Stamp ceremony, June 7, 2000."
Pryce,01-7-36-09-01-0-1,40.0,52.0,Schedules,Events,"Special Events - America's Promise to Our Youth Gala, June 16, 2004."
Pryce,01-7-36-09-01-0-1,40.0,53.0,Schedules,Events,"Special Events - American Council of Young Political Leaders, 5th Annual Congressional Honors Gala, June 18, 2003."
Pryce,01-7-36-09-01-0-1,40.0,54.0,Schedules,Events,"Special Events - Congressional luncheon in honor of George W. Bush, February 1, 2002."
Pryce,01-7-36-09-01-0-1,40.0,55.0,Schedules,Events,"Special Events - Dalai Lama of Tibet, Tenzin Gyatso, Congressional Gold Medal ceremony for, October 17, 2007."
Pryce,01-7-36-09-01-0-1,40.0,56.0,Schedules,Events,"Special Events - Dunn, Jennifer, memorial service for, October 25, 2007."
Pryce,01-7-36-09-01-0-1,40.0,57.0,Schedules,Events,"Special Events - Friends of Cancer Research, 10th Anniversary Benefit, November 15, 2006."
Pryce,01-7-36-09-01-0-1,40.0,58.0,Schedules,Events,"Special Events - Leukemia Ball, Washington, DC, March 20, 2004."
Pryce,01-7-36-09-01-0-1,40.0,59.0,Schedules,Events,"Special Events - National Coalition for Cancer Survivorship, 20th Anniversary Gala, April 26, 2006."
Pryce,01-7-36-09-01-0-1,40.0,60.0,Schedules,Events,"Special Events - Pentagon Memorial Service, October 11, 2001."
Pryce,01-7-36-09-01-0-1,40.0,61.0,Schedules,Events,"Special Events - President's Advisory Commission on Educational Excellence for Hispanic Americans, Congressional Reception, February 27, 2002."
Pryce,01-7-36-09-01-0-1,40.0,62.0,Schedules,Events,"Special Events - President's Dinner honoring George W. Bush, June 19, 2002."
Pryce,01-7-36-09-01-0-1,40.0,63.0,Schedules,Events,"Special Events - Presidential Inauguration, January 20, 1993."
Pryce,01-7-36-09-01-0-1,40.0,64.0,Schedules,Events,"Special Events - Presidential Inauguration, January 20, 2001."
Pryce,01-7-36-09-01-0-1,40.0,65.0,Schedules,Events,"Special Events - Presidential Inauguration, January 20, 2005."
Pryce,01-7-36-09-01-0-1,40.0,66.0,Schedules,Events,"Special Events - Prevent Cancer Foundation, Action for Cancer Awareness Awards, September 25, 2008."
Pryce,01-7-36-09-01-0-1,40.0,67.0,Schedules,Events,"Special Events - Reagan, Ronald, memorial service for, June 9, 2004."
Pryce,01-7-36-09-01-0-1,40.0,68.0,Schedules,Events,"Special Events - Roll Call Congressional Baseball Game, June 20, 2002."
Pryce,01-7-36-09-01-0-1,40.0,69.0,Schedules,Events,"Special Events - Ronald McDonald House Gala, Washington, DC, March 2, 2007."
Pryce,01-7-36-09-01-0-1,40.0,70.0,Schedules,Events,"Special Events - Secretary of State Breakfast, May 12, 2005."
Pryce,01-7-36-09-01-0-1,40.0,71.0,Schedules,Events,"Special Events - Solomon, Gerald, memorial service for, October 31, 2001."
Pryce,01-7-36-09-01-0-1,40.0,72.0,Schedules,Events,"Special Events - State of the Union Addresses, 2002-2007."
Pryce,01-7-36-09-01-0-1,40.0,73.0,Schedules,Events,"Special Events - Tremont Elementary School (Upper Arlington, Ohio) visit, March 2, 2001."
Pryce,01-7-36-09-01-0-1,40.0,74.0,Schedules,Events,"Special Events - Tubbs-Jones, Stephanie, memorial service for, September 10, 2008."
Pryce,01-7-36-09-01-0-1,40.0,75.0,Schedules,Events,"Special Events - Washington Press Club Foundation, 59th Annual Congressional Dinner, February 5, 2003."
Pryce,01-7-36-09-01-0-1,40.0,76.0,Schedules,Events,"Special Events - White House Congressional Christmas Ball, December 9, 2002."
Pryce,01-7-36-09-01-0-1,40.0,77.0,Schedules,Events,"Special Events - White House Easter Egg Roll, March 24, 2008."
Pryce,01-7-36-09-01-0-1,40.0,78.0,Schedules,Events,"Special Events - White House Leadership Luncheon, January 22, 2001."
Pryce,01-7-36-09-01-0-1,40.0,79.0,Schedules,Events,"Special Events - Women's Policy, Inc., Congressional Dinner, March 19, 2003."
Pryce,01-7-36-09-01-0-1,40.0,80.0,Schedules,Events,"Special Events - Working Mother Media, Best of Congress Awards Ceremony, September 10, 2008."
Pryce,01-7-36-09-02-0-1,41.0,1.0,Schedules,Invitations Accepted,"Invitations Accepted, January 1995."
Pryce,01-7-36-09-02-0-1,41.0,2.0,Schedules,Invitations Accepted,"Invitations Accepted, February 1-14, 1995."
Pryce,01-7-36-09-02-0-1,41.0,3.0,Schedules,Invitations Accepted,"Invitations Accepted, February 16-28, 1995."
Pryce,01-7-36-09-02-0-1,41.0,4.0,Schedules,Invitations Accepted,"Invitations Accepted, March 1-15, 1995."
Pryce,01-7-36-09-02-0-1,41.0,5.0,Schedules,Invitations Accepted,"Invitations Accepted, March 16-31, 1995."
Pryce,01-7-36-09-02-0-1,41.0,6.0,Schedules,Invitations Accepted,"Invitations Accepted, April 1995."
Pryce,01-7-36-09-02-0-1,41.0,7.0,Schedules,Invitations Accepted,"Invitations Accepted, May 1-16, 1995."
Pryce,01-7-36-09-02-0-1,41.0,8.0,Schedules,Invitations Accepted,"Invitations Accepted, May 17-31, 1995."
Pryce,01-7-36-09-02-0-1,41.0,9.0,Schedules,Invitations Accepted,"Invitations Accepted, June 1-14, 1995."
Pryce,01-7-36-09-02-0-1,41.0,10.0,Schedules,Invitations Accepted,"Invitations Accepted, June 19-30, 1995."
Pryce,01-7-36-09-02-0-1,41.0,11.0,Schedules,Invitations Accepted,"Invitations Accepted, July 1995."
Pryce,01-7-36-09-02-0-1,41.0,12.0,Schedules,Invitations Accepted,"Invitations Accepted, August 1995."
Pryce,01-7-36-09-02-0-1,41.0,13.0,Schedules,Invitations Accepted,"Invitations Accepted, October 1-18, 1995."
Pryce,01-7-36-09-02-0-1,41.0,14.0,Schedules,Invitations Accepted,"Invitations Accepted, October 19-31, 1995."
Pryce,01-7-36-09-02-0-1,41.0,15.0,Schedules,Invitations Accepted,"Invitations Accepted, November 1995."
Pryce,01-7-36-09-02-0-1,41.0,16.0,Schedules,Invitations Accepted,"Invitations Accepted, December 1995."
Pryce,01-7-36-09-02-0-1,41.0,17.0,Schedules,Invitations Accepted,"Invitations Accepted, January 1996."
Pryce,01-7-36-09-02-0-1,41.0,18.0,Schedules,Invitations Accepted,"Invitations Accepted, February 1996."
Pryce,01-7-36-09-03-0-1,42.0,1.0,Schedules,Invitations Accepted,"Invitations Accepted, March 1-13, 1996."
Pryce,01-7-36-09-03-0-1,42.0,2.0,Schedules,Invitations Accepted,"Invitations Accepted, March 14-28, 1996."
Pryce,01-7-36-09-03-0-1,42.0,3.0,Schedules,Invitations Accepted,"Invitations Accepted, April 1-22, 1996."
Pryce,01-7-36-09-03-0-1,42.0,4.0,Schedules,Invitations Accepted,"Invitations Accepted, April 23-30, 1996."
Pryce,01-7-36-09-03-0-1,42.0,5.0,Schedules,Invitations Accepted,"Invitations Accepted, May 1-14, 1996."
Pryce,01-7-36-09-03-0-1,42.0,6.0,Schedules,Invitations Accepted,"Invitations Accepted, May 15-31, 1996."
Pryce,01-7-36-09-03-0-1,42.0,7.0,Schedules,Invitations Accepted,"Invitations Accepted, June 1-12, 1996."
Pryce,01-7-36-09-03-0-1,42.0,8.0,Schedules,Invitations Accepted,"Invitations Accepted, June 13-27, 1996."
Pryce,01-7-36-09-03-0-1,42.0,9.0,Schedules,Invitations Accepted,"Invitations Accepted, July 1996."
Pryce,01-7-36-09-03-0-1,42.0,10.0,Schedules,Invitations Accepted,"Invitations Accepted, August 1996."
Pryce,01-7-36-09-03-0-1,42.0,11.0,Schedules,Invitations Accepted,"Invitations Accepted, September 1-15, 1996."
Pryce,01-7-36-09-03-0-1,42.0,12.0,Schedules,Invitations Accepted,"Invitations Accepted, September 16-30, 1996."
Pryce,01-7-36-09-03-0-1,42.0,13.0,Schedules,Invitations Accepted,"Invitations Accepted, October 1996."
Pryce,01-7-36-09-03-0-1,42.0,14.0,Schedules,Invitations Accepted,"Invitations Accepted, November 1996."
Pryce,01-7-36-09-03-0-1,42.0,15.0,Schedules,Invitations Accepted,"Invitations Accepted, Surrogates, 1996."
Pryce,01-7-36-09-03-0-1,42.0,16.0,Schedules,Invitations Accepted,"Invitations Accepted, January 1997."
Pryce,01-7-36-09-03-0-1,42.0,17.0,Schedules,Invitations Accepted,"Invitations Accepted, February 1-13, 1997."
Pryce,01-7-36-09-03-0-1,42.0,18.0,Schedules,Invitations Accepted,"Invitations Accepted, February 16-27, 1997."
Pryce,01-7-36-09-03-0-1,42.0,19.0,Schedules,Invitations Accepted,"Invitations Accepted, March 1-11, 1997."
Pryce,01-7-36-09-03-0-1,42.0,20.0,Schedules,Invitations Accepted,"Invitations Accepted, March 12-31, 1997."
Pryce,01-7-36-09-04-0-1,43.0,1.0,Schedules,Invitations Accepted,"Invitations Accepted, April 1997."
Pryce,01-7-36-09-04-0-1,43.0,2.0,Schedules,Invitations Accepted,"Invitations Accepted, May 1997."
Pryce,01-7-36-09-04-0-1,43.0,3.0,Schedules,Invitations Accepted,"Invitations Accepted, June 1-12, 1997."
Pryce,01-7-36-09-04-0-1,43.0,4.0,Schedules,Invitations Accepted,"Invitations Accepted, June 13-28, 1997."
Pryce,01-7-36-09-04-0-1,43.0,5.0,Schedules,Invitations Accepted,"Invitations Accepted, July 1997."
Pryce,01-7-36-09-04-0-1,43.0,6.0,Schedules,Invitations Accepted,"Invitations Accepted, August 1997."
Pryce,01-7-36-09-04-0-1,43.0,7.0,Schedules,Invitations Accepted,"Invitations Accepted, September 1-16, 1997."
Pryce,01-7-36-09-04-0-1,43.0,8.0,Schedules,Invitations Accepted,"Invitations Accepted, September 17-30, 1997."
Pryce,01-7-36-09-04-0-1,43.0,9.0,Schedules,Invitations Accepted,"Invitations Accepted, October 1-13, 1997."
Pryce,01-7-36-09-04-0-1,43.0,10.0,Schedules,Invitations Accepted,"Invitations Accepted, October 14-31, 1997."
Pryce,01-7-36-09-04-0-1,43.0,11.0,Schedules,Invitations Accepted,"Invitations Accepted, November 1997."
Pryce,01-7-36-09-04-0-1,43.0,12.0,Schedules,Invitations Accepted,"Invitations Accepted, December 1997."
Pryce,01-7-36-09-04-0-1,43.0,13.0,Schedules,Invitations Accepted,"Invitations Accepted, January 1998."
Pryce,01-7-36-09-04-0-1,43.0,14.0,Schedules,Invitations Accepted,"Invitations Accepted, February 2-13, 1998."
Pryce,01-7-36-09-04-0-1,43.0,15.0,Schedules,Invitations Accepted,"Invitations Accepted, February 17-28, 1998."
Pryce,01-7-36-09-04-0-1,43.0,16.0,Schedules,Invitations Accepted,"Invitations Accepted, March 2-17, 1998."
Pryce,01-7-36-09-04-0-1,43.0,17.0,Schedules,Invitations Accepted,"Invitations Accepted, March 18-30, 1998."
Pryce,01-7-36-09-04-0-1,43.0,18.0,Schedules,Invitations Accepted,"Invitations Accepted, April 1998."
Pryce,01-7-36-09-04-0-1,43.0,19.0,Schedules,Invitations Accepted,"Invitations Accepted, May 1998."
Pryce,01-7-36-09-05-0-1,44.0,1.0,Schedules,Invitations Accepted,"Invitations Accepted, June 1998."
Pryce,01-7-36-09-05-0-1,44.0,2.0,Schedules,Invitations Accepted,"Invitations Accepted, July 1998."
Pryce,01-7-36-09-05-0-1,44.0,3.0,Schedules,Invitations Accepted,"Invitations Accepted, August 1998."
Pryce,01-7-36-09-05-0-1,44.0,4.0,Schedules,Invitations Accepted,"Invitations Accepted, September 1998."
Pryce,01-7-36-09-05-0-1,44.0,5.0,Schedules,Invitations Accepted,"Invitations Accepted, October 1998."
Pryce,01-7-36-09-05-0-1,44.0,6.0,Schedules,Invitations Accepted,"Invitations Accepted, November 1998."
Pryce,01-7-36-09-05-0-1,44.0,7.0,Schedules,Invitations Accepted,"Invitations Accepted, December 1998."
Pryce,01-7-36-09-05-0-1,44.0,8.0,Schedules,Invitations Accepted,"Invitations Accepted, January 1999."
Pryce,01-7-36-09-05-0-1,44.0,9.0,Schedules,Invitations Accepted,"Invitations Accepted, February 1999."
Pryce,01-7-36-09-05-0-1,44.0,10.0,Schedules,Invitations Accepted,"Invitations Accepted, March 2-15, 1999."
Pryce,01-7-36-09-05-0-1,44.0,11.0,Schedules,Invitations Accepted,"Invitations Accepted, March 16-30, 1999."
Pryce,01-7-36-09-05-0-1,44.0,12.0,Schedules,Invitations Accepted,"Invitations Accepted, April 1999."
Pryce,01-7-36-09-05-0-1,44.0,13.0,Schedules,Invitations Accepted,"Invitations Accepted, May 4-12, 1999."
Pryce,01-7-36-09-05-0-1,44.0,14.0,Schedules,Invitations Accepted,"Invitations Accepted, May 13-30, 1999."
Pryce,01-7-36-09-05-0-1,44.0,15.0,Schedules,Invitations Accepted,"Invitations Accepted, June 1999."
Pryce,01-7-36-09-05-0-1,44.0,16.0,Schedules,Invitations Accepted,"Invitations Accepted, July 1999."
Pryce,01-7-36-09-05-0-1,44.0,17.0,Schedules,Invitations Accepted,"Invitations Accepted, August 1999."
Pryce,01-7-36-09-05-0-1,44.0,18.0,Schedules,Invitations Accepted,"Invitations Accepted, September 1999."
Pryce,01-7-36-09-05-0-1,44.0,19.0,Schedules,Invitations Accepted,"Invitations Accepted, October 1999."
Pryce,01-7-36-09-05-0-1,44.0,20.0,Schedules,Invitations Accepted,"Invitations Accepted, November - December 1999."
Pryce,01-7-36-09-05-0-1,44.0,21.0,Schedules,Invitations Accepted,"Invitations Accepted, January 2000."
Pryce,01-7-36-09-05-0-1,44.0,22.0,Schedules,Invitations Accepted,"Invitations Accepted, February 2000."
Pryce,01-7-36-09-05-0-1,44.0,23.0,Schedules,Invitations Accepted,"Invitations Accepted, March 1-15, 2000."
Pryce,01-7-36-09-06-0-1,45.0,1.0,Schedules,Invitations Accepted,"Invitations Accepted, March 16-31, 2000."
Pryce,01-7-36-09-06-0-1,45.0,2.0,Schedules,Invitations Accepted,"Invitations Accepted, April 2000."
Pryce,01-7-36-09-06-0-1,45.0,3.0,Schedules,Invitations Accepted,"Invitations Accepted, May 1-10, 2000."
Pryce,01-7-36-09-06-0-1,45.0,4.0,Schedules,Invitations Accepted,"Invitations Accepted, May 11-31, 2000."
Pryce,01-7-36-09-06-0-1,45.0,5.0,Schedules,Invitations Accepted,"Invitations Accepted, June 1-15, 2000."
Pryce,01-7-36-09-06-0-1,45.0,6.0,Schedules,Invitations Accepted,"Invitations Accepted, June 16-30, 2000."
Pryce,01-7-36-09-06-0-1,45.0,7.0,Schedules,Invitations Accepted,"Invitations Accepted, July 2000."
Pryce,01-7-36-09-06-0-1,45.0,8.0,Schedules,Invitations Accepted,"Invitations Accepted, August 2000."
Pryce,01-7-36-09-06-0-1,45.0,9.0,Schedules,Invitations Accepted,"Invitations Accepted, September 1-19, 2000."
Pryce,01-7-36-09-06-0-1,45.0,10.0,Schedules,Invitations Accepted,"Invitations Accepted, September 20-30, 2000."
Pryce,01-7-36-09-06-0-1,45.0,11.0,Schedules,Invitations Accepted,"Invitations Accepted, October 2000."
Pryce,01-7-36-09-06-0-1,45.0,12.0,Schedules,Invitations Accepted,"Invitations Accepted, November 2000."
Pryce,01-7-36-09-06-0-1,45.0,13.0,Schedules,Invitations Accepted,"Invitations Accepted, December 2000."
Pryce,01-7-36-09-06-0-1,45.0,14.0,Schedules,Invitations Accepted,"Invitations Accepted, January 2001."
Pryce,01-7-36-09-06-0-1,45.0,15.0,Schedules,Invitations Accepted,"Invitations Accepted, Presidential Inauguration, January 2001."
Pryce,01-7-36-09-06-0-1,45.0,16.0,Schedules,Invitations Accepted,"Invitations Accepted, February 1-13, 2001."
Pryce,01-7-36-09-06-0-1,45.0,17.0,Schedules,Invitations Accepted,"Invitations Accepted, February 14-28, 2001."
Pryce,01-7-36-09-06-0-1,45.0,18.0,Schedules,Invitations Accepted,"Invitations Accepted, March 1-14, 2001."
Pryce,01-7-36-09-06-0-1,45.0,19.0,Schedules,Invitations Accepted,"Invitations Accepted, March 15-30, 2001."
Pryce,01-7-36-09-06-0-1,45.0,20.0,Schedules,Invitations Accepted,"Invitations Accepted, April 2001."
Pryce,01-7-36-09-08-0-1,46.0,1.0,Schedules,Invitations Accepted,"Invitations Accepted, May 1-9, 2001."
Pryce,01-7-36-09-08-0-1,46.0,2.0,Schedules,Invitations Accepted,"Invitations Accepted, May 10-31, 2001."
Pryce,01-7-36-09-08-0-1,46.0,3.0,Schedules,Invitations Accepted,"Invitations Accepted, June 1-14, 2001."
Pryce,01-7-36-09-08-0-1,46.0,4.0,Schedules,Invitations Accepted,"Invitations Accepted, June 15-30, 2001."
Pryce,01-7-36-09-08-0-1,46.0,5.0,Schedules,Invitations Accepted,"Invitations Accepted, July 2001."
Pryce,01-7-36-09-08-0-1,46.0,6.0,Schedules,Invitations Accepted,"Invitations Accepted, August 2001."
Pryce,01-7-36-09-08-0-1,46.0,7.0,Schedules,Invitations Accepted,"Invitations Accepted, September 1-12, 2001."
Pryce,01-7-36-09-08-0-1,46.0,8.0,Schedules,Invitations Accepted,"Invitations Accepted, September 13-26, 2001."
Pryce,01-7-36-09-08-0-1,46.0,9.0,Schedules,Invitations Accepted,"Invitations Accepted, October 2001."
Pryce,01-7-36-09-08-0-1,46.0,10.0,Schedules,Invitations Accepted,"Invitations Accepted, November 2001."
Pryce,01-7-36-09-08-0-1,46.0,11.0,Schedules,Invitations Accepted,"Invitations Accepted, December 2001."
Pryce,01-7-36-09-08-0-1,46.0,12.0,Schedules,Invitations Accepted,"Invitations Accepted, January 2002."
Pryce,01-7-36-09-08-0-1,46.0,13.0,Schedules,Invitations Accepted,"Invitations Accepted, March 2002."
Pryce,01-7-36-09-08-0-1,46.0,14.0,Schedules,Invitations Accepted,"Invitations Accepted, April 2002."
Pryce,01-7-36-09-08-0-1,46.0,15.0,Schedules,Invitations Accepted,"Invitations Accepted, May 2002."
Pryce,01-7-36-09-08-0-1,46.0,16.0,Schedules,Invitations Accepted,"Invitations Accepted, June 2002."
Pryce,01-7-36-09-08-0-1,46.0,17.0,Schedules,Invitations Accepted,"Invitations Accepted, July 2002."
Pryce,01-7-36-09-08-0-1,46.0,18.0,Schedules,Invitations Accepted,"Invitations Accepted, September 1-19, 2002."
Pryce,01-7-36-09-08-0-1,46.0,19.0,Schedules,Invitations Accepted,"Invitations Accepted, September 20-30, 2002."
Pryce,01-7-36-09-08-0-1,46.0,20.0,Schedules,Invitations Accepted,"Invitations Accepted, October 2002."
Pryce,01-7-36-09-08-0-1,46.0,21.0,Schedules,Invitations Accepted,"Invitations Accepted, November - December 2002."
Pryce,01-7-36-09-08-0-1,46.0,22.0,Schedules,Invitations Accepted,"Invitations Accepted, January 2003."
Pryce,01-7-36-09-08-0-1,46.0,23.0,Schedules,Invitations Accepted,"Invitations Accepted, February 2003."
Pryce,01-7-36-09-08-0-1,46.0,24.0,Schedules,Invitations Accepted,"Invitations Accepted, March 1-12, 2003."
Pryce,01-7-36-09-08-0-1,46.0,25.0,Schedules,Invitations Accepted,"Invitations Accepted, March 18-31, 2003."
Pryce,01-7-36-10-02-0-1,47.0,1.0,Schedules,Invitations Accepted,"Invitations Accepted, April 2003."
Pryce,01-7-36-10-02-0-1,47.0,2.0,Schedules,Invitations Accepted,"Invitations Accepted, May 2003."
Pryce,01-7-36-10-02-0-1,47.0,3.0,Schedules,Invitations Accepted,"Invitations Accepted, June 2003."
Pryce,01-7-36-10-02-0-1,47.0,4.0,Schedules,Invitations Accepted,"Invitations Accepted, July 2003."
Pryce,01-7-36-10-02-0-1,47.0,5.0,Schedules,Invitations Accepted,"Invitations Accepted, September 2003."
Pryce,01-7-36-10-02-0-1,47.0,6.0,Schedules,Invitations Accepted,"Invitations Accepted, October 2003."
Pryce,01-7-36-10-02-0-1,47.0,7.0,Schedules,Invitations Accepted,"Invitations Accepted, November - December 2003."
Pryce,01-7-36-10-02-0-1,47.0,8.0,Schedules,Invitations Accepted,"Invitations Accepted, January 2005."
Pryce,01-7-36-10-02-0-1,47.0,9.0,Schedules,Invitations Accepted,"Invitations Accepted, February 2005."
Pryce,01-7-36-10-02-0-1,47.0,10.0,Schedules,Invitations Accepted,"Invitations Accepted, March 2005."
Pryce,01-7-36-10-02-0-1,47.0,11.0,Schedules,Invitations Accepted,"Invitations Accepted, April 2005."
Pryce,01-7-36-10-02-0-1,47.0,12.0,Schedules,Invitations Accepted,"Invitations Accepted, May 2005."
Pryce,01-7-36-10-02-0-1,47.0,13.0,Schedules,Invitations Accepted,"Invitations Accepted, June 2005."
Pryce,01-7-36-10-02-0-1,47.0,14.0,Schedules,Invitations Accepted,"Invitations Accepted, July 2005."
Pryce,01-7-36-10-02-0-1,47.0,15.0,Schedules,Invitations Accepted,"Invitations Accepted, September 2005."
Pryce,01-7-36-10-02-0-1,47.0,16.0,Schedules,Invitations Accepted,"Invitations Accepted, October 2005."
Pryce,01-7-36-10-02-0-1,47.0,17.0,Schedules,Invitations Accepted,"Invitations Accepted, November - December 2005."
Pryce,01-7-36-10-02-0-1,47.0,18.0,Schedules,Invitations Accepted,"Invitations Accepted, January - March 2006."
Pryce,01-7-36-10-02-0-1,47.0,19.0,Schedules,Invitations Accepted,"Invitations Accepted, April - June 2006."
Pryce,01-7-36-10-02-0-1,47.0,20.0,Schedules,Invitations Accepted,"Invitations Accepted, July - September 2006."
Pryce,01-7-36-10-02-0-1,47.0,21.0,Schedules,Invitations Accepted,"Invitations Accepted, October - December 2006."
Pryce,01-7-36-10-02-0-1,47.0,22.0,Schedules,Invitations Accepted,"Invitations Accepted, January - March 2007."
Pryce,01-7-36-10-02-0-1,47.0,23.0,Schedules,Invitations Accepted,"Invitations Accepted, April - June 2007."
Pryce,01-7-36-10-02-0-1,47.0,24.0,Schedules,Invitations Accepted,"Invitations Accepted, July - September 2007."
Pryce,01-7-36-10-02-0-1,47.0,25.0,Schedules,Invitations Accepted,"Invitations Accepted, October - December 2007."
Pryce,01-7-36-10-02-0-1,47.0,26.0,Schedules,Invitations Accepted,"Invitations Accepted, January - February 2008."
Pryce,01-7-36-10-02-0-1,47.0,27.0,Schedules,Invitations Accepted,"Invitations Accepted, March 2008."
Pryce,01-7-36-10-02-0-1,47.0,28.0,Schedules,Invitations Accepted,"Invitations Accepted, April 2008."
Pryce,01-7-36-10-04-0-1,48.0,1.0,Schedules,Invitations Accepted,"Invitations Accepted, May 2008."
Pryce,01-7-36-10-04-0-1,48.0,2.0,Schedules,Invitations Accepted,"Invitations Accepted, June 2008."
Pryce,01-7-36-10-04-0-1,48.0,3.0,Schedules,Invitations Accepted,"Invitations Accepted, July - August 2008."
Pryce,01-7-36-10-04-0-1,48.0,4.0,Schedules,Invitations Accepted,"Invitations Accepted, September - October 2008."
Pryce,01-7-36-10-04-0-1,48.0,5.0,Schedules,Travel,"Congressional Delegation (CODEL) trips, listing of taken by Deborah Pryce, 2001-2006."
Pryce,01-7-36-10-04-0-1,48.0,6.0,Schedules,Travel,"Aspen Institute Seminar, April 17-22, 1995."
Pryce,01-7-36-10-04-0-1,48.0,7.0,Schedules,Travel,"CODEL Paxon, trip to East Asia and Pacific Region, December 2-13, 1996."
Pryce,01-7-36-10-04-0-1,48.0,8.0,Schedules,Travel,"CODEL Paxon, trip to Germany, Bosnia and Italy, February 16-20, 1997."
Pryce,01-7-36-10-04-0-1,48.0,9.0,Schedules,Travel,"Aspen Institute Seminar, March 31 - April 5, 1997."
Pryce,01-7-36-10-04-0-1,48.0,10.0,Schedules,Travel,"CODEL Boehner, trip to Israel and Jordon, January 10-19, 1998."
Pryce,01-7-36-10-04-0-1,48.0,11.0,Schedules,Travel,"CODEL Hastert, trip to Japan, Australia, New Zealand and Hawaii, November 27 - December 8, 1999."
Pryce,01-7-36-10-04-0-1,48.0,12.0,Schedules,Travel,"Wine and Spirits Wholesalers of America Meeting, January 7-11, 2001."
Pryce,01-7-36-10-04-0-1,48.0,13.0,Schedules,Travel,"CODEL Hastert, trip to South Africa, Kenya, Tunisia and Nigeria, general file, April 6-17, 2001."
Pryce,01-7-36-10-04-0-1,48.0,14.0,Schedules,Travel,"CODEL Hastert, trip to South Africa, Kenya, Tunisia and Nigeria, briefing book, part 1, April 6-17, 2001."
Pryce,01-7-36-10-04-0-1,48.0,15.0,Schedules,Travel,"CODEL Hastert, trip to South Africa, Kenya, Tunisia and Nigeria, briefing book, part 2, April 6-17, 2001."
Pryce,01-7-36-10-04-0-1,48.0,16.0,Schedules,Travel,"CODEL Hastert, trip to South Africa, Kenya, Tunisia and Nigeria, information packets, April 6-17, 2001."
Pryce,01-7-36-10-04-0-1,48.0,17.0,Schedules,Travel,"CODEL Oxley, trip to Belgium, England and Germany, March 21-29, 2002."
Pryce,01-7-36-10-04-0-1,48.0,18.0,Schedules,Travel,"CODEL Hastert, trip to Turkey, November 18-23, 2002."
Pryce,01-7-36-10-04-0-1,48.0,19.0,Schedules,Travel,"CODEL Pryce, trip to Kuwait, Iraq and Spain, general file, October 21-26, 2003."
Pryce,01-7-36-10-04-0-1,48.0,20.0,Schedules,Travel,"CODEL Pryce, trip to Kuwait, Iraq and Spain, briefing book, October 21-26, 2003."
Pryce,01-7-36-10-04-0-1,48.0,21.0,Schedules,Travel,"CODEL Blunt, trip to Chile, Argentina, and Peru, December 9-14, 2003."
Pryce,01-7-36-10-04-0-1,48.0,22.0,Schedules,Travel,"CODEL Pryce, trip to the Philippines, and Thailand to investigate human trafficking, briefing book, December 7-13, 2004 (trip cancelled)."
Pryce,01-7-36-10-04-0-1,48.0,23.0,Schedules,Travel,"CODEL Pryce, trip to Greece, Moldavia, Albania and Italy to investigate human trafficking, general file, March 28 - April 2, 2005."
Pryce,01-7-36-10-04-0-1,48.0,24.0,Schedules,Travel,"CODEL Pryce, trip to Greece, Moldavia, Albania and Italy to investigate human trafficking, briefing book, part 1, March 28 - April 2, 2005."
Pryce,01-7-36-10-04-0-1,48.0,25.0,Schedules,Travel,"CODEL Pryce, trip to Greece, Moldavia, Albania and Italy to investigate human trafficking, briefing book, part 2, March 28 - April 2, 2005."
Pryce,01-7-36-10-04-0-1,48.0,26.0,Schedules,Travel,"Congressional Republican Mission to Israel, August 21-28, 2005."
Pryce,01-7-36-10-04-0-1,48.0,27.0,Schedules,Travel,"CODEL Hastert, trip to the Gulf Coast (Hurricane Katrina damage), March 2-4, 2006."
Pryce,01-7-36-10-04-0-1,48.0,28.0,Schedules,Travel,"International Management and Development Institute Congressional Roundtable, Norway, May 26-30, 2008."
